id,file,seconds
C01,clips/C01.wav,4.69
C02,clips/C02.wav,8.62
C03,clips/C03.wav,3.58
C04,clips/C04.wav,5.8
C05,clips/C05.wav,4.18
C06,clips/C06.wav,4.27
C07,clips/C07.wav,5.38
C08,clips/C08.wav,3.93
C09,clips/C09.wav,4.1
C10,clips/C10.wav,3.58
C11,clips/C11.wav,3.24
C12,clips/C12.wav,6.49
C13,clips/C13.wav,4.64
C14,clips/C14.wav,2.88
C15,clips/C15.wav,3.84
C16,clips/C16.wav,7.77
C17,clips/C17.wav,7.94
C18,clips/C18.wav,6.14
C19,clips/C19.wav,3.07
C20,clips/C20.wav,5.48
C21,clips/C21.wav,6.74
C22,clips/C22.wav,3.62
C23,clips/C23.wav,4.46
C24,clips/C24.wav,5.72
C25,clips/C25.wav,7.85
C26,clips/C26.wav,4.27
C27,clips/C27.wav,5.72
C28,clips/C28.wav,5.76
C29,clips/C29.wav,4.09
C30,clips/C30.wav,3.72
